<?xml version="1.0"?>
<pagescount>
	<html_total>10</html_total>
	<html_done>8</html_done>
	<img>239</img>
	<js>42</js>
	<css>20</css>
	<pdf/>
	<doc/>
	<xls/>
	<ppt/>
	<swf/>
	<mp3/>
	<mp4/>
	<xml/>
	<json/>
	<txt/>
	<fonts>48</fonts>
	<scraping_reload>1</scraping_reload>
	<is_pretty_url>false</is_pretty_url>
	<is_ebn>false</is_ebn>
	<theme_name>402851</theme_name>
	<server_url_front_page>https://www6.waybackmachinedownloader.com/wdo/files/demo/tr.agar.live_yummyhugyry_gmail.com_ilme9618ap/</server_url_front_page>
	<no_www_url>tr.agar.live</no_www_url>
	<hosted_domain/>
	<original_archive_url>https://tr.agar.live/</original_archive_url>
	<final_archive_url>https://tr.agar.live/</final_archive_url>
	<front_page_code_date/>
	<total_urls_from_api/>
	<search_url_added>false</search_url_added>
	<total_size>10588</total_size>
</pagescount>
